gene,ref_aa,alt_aa,pos,seq_len,conservation,disease,pathogenic
GENE0,P,R,177,147,0.7853979352022903,BreastCancer,1
GENE1,K,V,200,459,0.9882284304782041,Cardio,1
GENE2,P,L,14,311,0.38931898654267816,Cardio,0
GENE3,N,Y,75,188,1.0,BreastCancer,1
GENE4,T,F,401,414,0.9413667948781053,Cardio,1
GENE5,F,E,179,188,0.5755760695701437,Neuro,1
GENE6,K,W,342,265,0.48230724889939147,Neuro,0
GENE7,Y,F,409,215,0.8432539992210948,Cardio,0
GENE8,E,D,248,297,0.7109658081863564,Neuro,0
GENE9,M,T,343,199,0.6834185818435667,Neuro,0
GENE10,E,P,182,343,1.0,Cardio,1
GENE11,M,H,428,388,0.6574716342500905,Neuro,0
GENE0,S,R,270,285,0.6083597321271571,Neuro,1
GENE1,K,C,249,251,0.7701418110887801,Neuro,1
GENE2,A,E,168,470,1.0,Neuro,1
GENE3,P,A,133,153,0.2364085813503088,Neuro,0
GENE4,S,M,394,138,0.4647709254019226,BreastCancer,0
GENE5,M,D,393,205,0.26919315785498665,BreastCancer,1
GENE6,W,I,47,131,1.0,BreastCancer,1
GENE7,F,W,430,157,0.45762068402731426,Cardio,0
GENE8,D,E,296,458,0.328549851131093,Cardio,0
GENE9,T,S,96,484,0.7599339987338682,BreastCancer,0
GENE10,L,W,403,199,0.8489278371617643,Cardio,0
GENE11,E,W,89,303,0.11669880514822101,Cardio,0
GENE0,V,H,329,362,0.5651315093775819,Neuro,0
GENE1,V,Y,136,456,0.5523360051968397,Cardio,0
GENE2,R,D,185,434,0.1965255381105121,Neuro,0
GENE3,P,M,284,307,0.5468149299465078,Neuro,0
GENE4,I,M,402,473,0.37613335970158107,BreastCancer,0
GENE5,H,G,174,263,0.6967256244648155,BreastCancer,0
GENE6,Y,K,100,297,0.6067173120974628,Cardio,0
GENE7,D,E,373,301,0.8639592832031454,Neuro,0
GENE8,F,G,388,100,0.6919936185374198,BreastCancer,1
GENE9,D,W,388,123,0.5888190749381115,Neuro,1
GENE10,P,V,192,230,0.7810015897605759,Cardio,0
GENE11,T,I,227,223,0.6897506911174717,BreastCancer,0
GENE0,W,Q,87,327,0.6068820792808617,Neuro,1
GENE1,K,S,275,141,0.8801511642023667,Cardio,1
GENE2,N,D,63,293,0.5439903051000889,Cardio,0
GENE3,Y,E,365,111,0.49495415258281794,Cardio,0
GENE4,W,M,263,407,0.8499574233125471,BreastCancer,0
GENE5,I,A,299,375,0.7077585373008511,Neuro,0
GENE6,K,E,179,142,0.29234125769789804,Neuro,0
GENE7,I,P,82,386,0.6485017978609946,BreastCancer,0
GENE8,M,R,285,225,1.0,BreastCancer,1
GENE9,E,G,368,369,0.7484031881759923,Neuro,1
GENE10,I,C,373,396,0.4552728034400978,Neuro,1
GENE11,V,D,415,348,0.9567371376590863,BreastCancer,1
GENE0,E,I,185,423,0.5823606927040937,Neuro,1
GENE1,W,E,265,337,0.7510399267790937,Cardio,1
GENE2,D,P,144,186,0.49920576325670507,BreastCancer,0
GENE3,C,A,189,116,0.9056112675956068,BreastCancer,1
GENE4,G,E,157,249,0.6216824572335989,Cardio,0
GENE5,H,C,382,474,0.7140717525948708,Neuro,1
GENE6,A,W,122,183,0.3524599643724178,Cardio,1
GENE7,Y,E,256,221,1.0,Cardio,1
GENE8,D,K,331,387,0.2823787503785666,BreastCancer,0
GENE9,L,P,84,141,0.8423491770395027,Cardio,1
GENE10,G,C,279,140,0.49659525481006317,Neuro,1
GENE11,R,C,116,449,0.41313629713981054,Neuro,1
GENE0,E,Q,134,323,0.3300554752922304,BreastCancer,0
GENE1,K,P,264,334,0.42664389720956203,Neuro,0
GENE2,S,Y,209,391,0.6224326817253271,BreastCancer,1
GENE3,H,C,220,143,0.6287134698861304,Neuro,1
GENE4,G,H,37,111,0.6555649754346771,Cardio,0
GENE5,T,K,426,225,0.7087957418903437,BreastCancer,0
GENE6,Y,R,161,211,0.6025094417825628,Neuro,0
GENE7,G,A,222,251,0.4604443532821921,Cardio,0
GENE8,Q,Y,314,407,0.5368831007821777,Neuro,0
GENE9,L,P,72,135,0.8599616968586783,Cardio,1
GENE10,K,F,300,493,0.59413011856636,Neuro,0
GENE11,A,S,307,318,0.6223555724189637,Neuro,0
GENE0,D,N,439,464,0.7856989282218908,Neuro,0
GENE1,C,W,66,441,0.41125461835084676,Cardio,1
GENE2,F,K,358,144,0.5654293212986061,Cardio,0
GENE3,N,L,138,332,0.0687699327209661,Neuro,0
GENE4,N,Y,260,136,0.5645499970576437,Neuro,1
GENE5,Y,F,387,354,0.2808799467100987,Neuro,0
GENE6,L,Q,85,236,0.9386351600339429,Neuro,1
GENE7,Q,D,296,476,0.7153942641918748,BreastCancer,0
GENE8,Y,H,352,268,0.8224385774679218,Neuro,1
GENE9,M,G,119,386,0.31092963293597736,BreastCancer,0
GENE10,I,S,34,341,0.6150000231594244,Cardio,0
GENE11,W,Q,345,102,0.7284484603855061,BreastCancer,1
GENE0,P,Y,74,457,0.21099408057617314,Cardio,0
GENE1,C,H,428,139,0.5863837890546864,Cardio,1
GENE2,D,L,155,245,0.8816589805266267,Neuro,1
GENE3,G,S,48,183,0.33001712290914414,Neuro,0
GENE4,S,W,438,397,0.47549188732692377,Neuro,1
GENE5,A,D,334,128,1.0,Cardio,1
GENE6,M,L,214,205,0.0,Cardio,0
GENE7,C,R,21,206,0.1740878223659123,BreastCancer,1
GENE8,V,D,169,194,0.7050382684054398,Neuro,1
GENE9,F,A,312,236,0.5254627313322792,Cardio,0
GENE10,Q,M,445,447,0.657017604270318,BreastCancer,0
GENE11,H,A,165,247,0.09286902184305701,Neuro,0
GENE0,A,V,77,187,0.4625860247800442,Neuro,0
GENE1,E,I,377,420,0.7302814348772342,BreastCancer,1
GENE2,Y,H,208,320,0.43463057716472,Cardio,0
GENE3,K,G,275,384,0.7764820972503677,BreastCancer,1
GENE4,S,P,281,424,1.0,Neuro,1
GENE5,D,A,140,161,0.5389551305453836,Cardio,1
GENE6,R,E,146,105,0.1594902787402681,Cardio,0
GENE7,F,V,442,239,0.5278441952074628,Neuro,0
GENE8,N,E,9,448,0.30352020441570177,BreastCancer,0
GENE9,K,A,438,319,0.8323498582816334,BreastCancer,1
GENE10,C,I,312,327,0.27678577256913783,Neuro,1
GENE11,K,W,56,258,0.6667627173372958,Cardio,1
GENE0,N,Y,442,414,0.7308191651329384,BreastCancer,1
GENE1,Y,S,279,443,0.557113417194438,Neuro,1
GENE2,R,Q,331,153,0.8111565075507932,Cardio,0
GENE3,V,G,159,224,0.8271605976862111,BreastCancer,1
GENE4,P,Y,168,158,0.8456053907500436,Cardio,1
GENE5,A,G,274,477,0.3047622803084105,BreastCancer,0
GENE6,K,N,331,138,0.613056251137604,Cardio,0
GENE7,N,D,232,362,0.26460521151281685,Cardio,0
GENE8,Y,C,214,160,0.8582289197362551,BreastCancer,1
GENE9,K,G,156,380,0.56944409345331,BreastCancer,1
GENE10,W,L,9,200,1.0,Cardio,1
GENE11,P,W,59,253,0.5690772976495874,BreastCancer,1
